{
  "eye": {
    "orientation": [
      0.5319933891296387,
      0.14217425882816315,
      0.21551600098609924,
      0.8064256906509399
    ],
    "magnitude": 0.5773502588272095,
    "position": [
      25.988826751708984,
      -14.494745254516602,
      16.54572868347168
    ]
  },
  "radius": 50,
  "type": "ORTHOGRAPHIC"
}