{
  "eye": {
    "orientation": [
      -0.45014071464538574,
      0.0350508876144886,
      0.01768624596297741,
      0.8920941948890686
    ],
    "magnitude": 0.5773502588272095,
    "position": [
      8.838079452514648,
      14.929551124572754,
      9.36795425415039
    ]
  },
  "radius": 100,
  "type": "ORTHOGRAPHIC"
}