{
  "eye": {
    "orientation": [
      -0.17325082421302795,
      0.7239126563072205,
      0.19651496410369873,
      0.6382135152816772
    ],
    "magnitude": 0.5773502588272095,
    "position": [
      148.25123596191406,
      87.58311462402344,
      -18.728790283203125
    ]
  },
  "radius": 100,
  "type": "ORTHOGRAPHIC"
}