{
  "eye": {
    "orientation": [
      0.6133312582969666,
      0.251230388879776,
      0.2838336229324341,
      0.6929260492324829
    ],
    "magnitude": 0.5773502588272095,
    "position": [
      46.61042404174805,
      -31.77884864807129,
      11.467153549194336
    ]
  },
  "radius": 50,
  "type": "ORTHOGRAPHIC"
}