{
  "eye": {
    "orientation": [
      0,
      0,
      0,
      1
    ],
    "magnitude": 0.5773502588272095,
    "position": [
      0,
      0,
      122.64784240722656
    ]
  },
  "radius": 100,
  "type": "ORTHOGRAPHIC"
}