{
  "eye": {
    "orientation": [
      0,
      0,
      0,
      1
    ],
    "magnitude": 0.5773502588272095,
    "position": [
      0,
      0,
      17.320510864257812
    ]
  },
  "radius": 10,
  "type": "ORTHOGRAPHIC"
}