{
  "eye": {
    "orientation": [
      0.5620903968811035,
      0.19244563579559326,
      0.2605511546134949,
      0.7610073089599609
    ],
    "magnitude": 0.5773502588272095,
    "position": [
      50.6229362487793,
      -65.43142700195312,
      25.61288070678711
    ]
  },
  "radius": 50,
  "type": "ORTHOGRAPHIC"
}